                  epoch,         train/box_loss,         train/cls_loss,         train/dfl_loss,   metrics/precision(B),      metrics/recall(B),       metrics/mAP50(B),    metrics/mAP50-95(B),           val/box_loss,           val/cls_loss,           val/dfl_loss,                 lr/pg0,                 lr/pg1,                 lr/pg2
                      1,                  3.271,                 5.5124,                 4.2634,                0.00154,                    0.5,                0.03778,                0.00838,                 2.2731,                 13.127,                 3.1199,             0.00048343,             0.00048343,             0.00048343
                      2,                 2.9456,                 5.0782,                 4.1031,                0.00089,                    0.5,                0.03731,                0.01017,                 2.3275,                  12.62,                 3.1464,             0.00097379,             0.00097379,             0.00097379
                      3,                 2.9735,                 4.1945,                 3.9858,                0.00089,                    0.5,                0.02038,                 0.0049,                 2.6603,                 11.578,                 3.3118,              0.0014543,              0.0014543,              0.0014543
                      4,                 2.6862,                 4.3703,                  3.881,                0.00226,                    0.5,                0.13267,                0.04966,                 2.2051,                 10.378,                 3.1322,              0.0016175,              0.0016175,              0.0016175
                      5,                 2.6472,                 4.0237,                 3.7803,                0.00096,                    0.5,                0.00142,                0.00085,                 2.2629,                  25.94,                 3.1727,               0.001601,               0.001601,               0.001601
                      6,                 2.5952,                 3.9956,                 3.7167,                0.00098,                    0.5,                0.00213,                0.00125,                 2.0322,                 13.507,                 3.0501,              0.0015845,              0.0015845,              0.0015845
