                  epoch,         train/box_loss,         train/cls_loss,         train/dfl_loss,   metrics/precision(B),      metrics/recall(B),       metrics/mAP50(B),    metrics/mAP50-95(B),           val/box_loss,           val/cls_loss,           val/dfl_loss,                 lr/pg0,                 lr/pg1,                 lr/pg2
                      1,                  3.271,                 5.5124,                 4.2634,                0.00154,                    0.5,                0.03778,                0.00838,                 2.2731,                 13.127,                 3.1199,             0.00048343,             0.00048343,             0.00048343
                      2,                 2.9383,                 5.0218,                 4.1256,                0.00089,                    0.5,                0.03778,                0.00986,                  2.326,                 12.703,                 3.1455,             0.00078879,             0.00078879,             0.00078879
                      3,                 2.9937,                 4.2527,                 4.0114,                0.00195,                    0.5,                0.01866,                0.00487,                 2.4996,                 11.761,                 3.2283,             0.00089611,             0.00089611,             0.00089611
                      4,                 2.6604,                 4.4791,                 3.9354,                0.00088,                    0.5,                0.04089,                0.01652,                  2.179,                 12.029,                 3.1284,              0.0006768,              0.0006768,              0.0006768
                      5,                 2.6423,                 4.0479,                  3.855,                0.00155,                    0.5,                0.01606,                0.00834,                 2.1326,                 11.999,                 3.1119,             0.00034674,             0.00034674,             0.00034674
